,age,Medu,Fedu,traveltime,studytime,failures,famrel,freetime,goout,Dalc,Walc,health,absences,G1,G2,G3,
count,395,395,395,395,395,395,395,395,395,395,395,395,395,395,395,395,
mean,16.696203,2.749367,2.521519,1.448101,2.035443,0.334177,3.944304,3.235443,3.108861,1.481013,2.291139,3.55443,5.708861,10.908861,10.713924,10.41519,
std,1.276043,1.094735,1.088201,0.697505,0.83924,0.743651,0.896659,0.998862,1.113278,0.890741,1.287897,1.390303,8.003096,3.319195,3.761505,4.581443,
min,15,0,0,1,1,0,1,1,1,1,1,1,0,3,0,0,
25%,16,2,2,1,1,0,4,3,2,1,1,3,0,8,9,8,
50%,17,3,2,1,2,0,4,3,3,1,2,4,4,11,11,11,
75%,18,4,3,2,2,0,5,4,4,2,3,5,8,13,13,14,
max,22,4,4,4,4,3,5,5,5,5,5,5,75,19,19,20,
